case_id,n_fin,held_out_member,pseudo_relative_l2_norm,risk_score,risk_multiplier
id_train_0000,4,0,0.5068827867507935,-0.7394481897354126,1.4306198358535767
id_train_0001,5,1,0.3464539051055908,-0.9820521473884583,1.1414018869400024
id_train_0002,6,2,0.32498061656951904,-1.0585235357284546,1.0502371788024902
id_train_0003,7,3,0.1791747659444809,-1.3832533359527588,1.0
id_train_0004,8,4,0.2815343141555786,-1.2423787117004395,1.0
id_train_0005,4,0,0.4828360974788666,-0.7539408802986145,1.4133424758911133
id_train_0006,5,1,0.4448871612548828,-0.75584876537323,1.411068081855774
id_train_0007,6,2,0.2558647096157074,-1.2772067785263062,1.0
id_train_0008,7,3,0.21063129603862762,-1.4310166835784912,1.0
id_train_0010,4,0,0.2722211480140686,-1.299078345298767,1.0
id_train_0011,5,1,0.3114936649799347,-1.1678972244262695,1.0
id_train_0013,7,3,0.22183209657669067,-1.59328031539917,1.0
id_train_0014,8,4,0.2905709147453308,-1.3537534475326538,1.0
id_train_0015,4,0,0.24606995284557343,-1.3200510740280151,1.0
id_train_0016,5,1,0.31269633769989014,-1.1322886943817139,1.0
id_train_0017,6,2,0.20671817660331726,-1.3531347513198853,1.0
id_train_0018,7,3,0.2548845410346985,-1.1501752138137817,1.0
id_train_0019,8,4,0.25938478112220764,-1.3683472871780396,1.0
id_train_0020,4,0,0.423753559589386,-0.802365779876709,1.3556132316589355
id_train_0021,5,1,0.4679281413555145,-0.7917540669441223,1.3682639598846436
id_train_0022,6,2,0.29149243235588074,-1.378661036491394,1.0
id_train_0023,7,3,0.21261067688465118,-1.263515591621399,1.0
id_train_0024,8,4,0.3168541491031647,-1.3263968229293823,1.0
id_train_0026,5,1,0.42566290497779846,-0.8613736629486084,1.2852675914764404
id_train_0027,6,2,0.28464484214782715,-1.0791079998016357,1.0256977081298828
id_train_0028,7,3,0.27319660782814026,-1.3638137578964233,1.0
id_train_0029,8,4,0.25257351994514465,-1.4147416353225708,1.0
id_train_0031,5,1,0.4015246331691742,-1.1349120140075684,1.0
id_train_0032,6,2,0.38308799266815186,-0.9854353666305542,1.1373685598373413
id_train_0033,7,3,0.39420509338378906,-0.9803765416145325,1.1433994770050049
id_train_0034,8,4,0.24464255571365356,-1.5237927436828613,1.0
id_train_0035,4,0,0.29893460869789124,-1.259656548500061,1.0
id_train_0036,5,1,0.40927889943122864,-0.937595784664154,1.1944000720977783
id_train_0037,6,2,0.345087468624115,-1.2570878267288208,1.0
id_train_0038,7,3,0.1657334715127945,-1.7733752727508545,1.0
id_train_0039,8,4,0.2725139558315277,-1.3641434907913208,1.0
id_train_0040,4,0,0.45663130283355713,-0.8548218607902527,1.2930781841278076
id_train_0041,5,1,0.38920676708221436,-1.032899022102356,1.0807852745056152
id_train_0042,6,2,0.31684812903404236,-1.0081549882888794,1.110283613204956
id_train_0043,7,3,0.23946036398410797,-1.4067857265472412,1.0
id_train_0044,8,4,0.2960105836391449,-1.0340416431427002,1.0794230699539185
id_train_0045,4,0,0.2994398772716522,-1.102646827697754,1.0
id_train_0046,5,1,0.22189228236675262,-1.2278037071228027,1.0
id_train_0047,6,2,0.28543156385421753,-1.116262674331665,1.0
id_train_0048,7,3,0.1809803545475006,-1.4284133911132812,1.0
id_train_0049,8,4,0.39158111810684204,-1.005624771118164,1.1132999658584595
id_train_0050,4,0,0.4644429385662079,-0.9069194793701172,1.2309705018997192
id_train_0051,5,1,0.508780837059021,-0.7006278038024902,1.4768991470336914
id_train_0052,6,2,0.37423574924468994,-0.9055160284042358,1.2326436042785645
id_train_0053,7,3,0.3032647371292114,-1.1985150575637817,1.0
id_train_0054,8,4,0.31821155548095703,-1.2932392358779907,1.0
id_train_0055,4,0,0.37640824913978577,-1.0332077741622925,1.0804171562194824
id_train_0056,5,1,0.34221526980400085,-1.0639004707336426,1.0438271760940552
id_train_0057,6,2,0.3757625222206116,-1.2521343231201172,1.0
id_train_0058,7,3,0.33443483710289,-1.209550142288208,1.0
id_train_0059,8,4,0.28672730922698975,-1.0790425539016724,1.025775671005249
id_train_0060,4,0,0.34402206540107727,-0.9624290466308594,1.1647953987121582
id_train_0061,5,1,0.4968017637729645,-0.7781772017478943,1.3844494819641113
id_train_0062,6,2,0.3132295310497284,-1.2630853652954102,1.0
id_train_0063,7,3,0.311723530292511,-1.3017154932022095,1.0
id_train_0065,4,0,0.3985297381877899,-1.0117393732070923,1.1060105562210083
id_train_0066,5,1,0.4208180010318756,-1.0498909950256348,1.0605283975601196
id_train_0068,7,3,0.2128278762102127,-1.3106796741485596,1.0
id_train_0069,8,4,0.24491548538208008,-1.3485411405563354,1.0
id_train_0070,4,0,0.5228099822998047,-0.7271045446395874,1.4453351497650146
id_train_0071,5,1,0.3759952783584595,-0.9035671353340149,1.2349669933319092
id_train_0072,6,2,0.27881407737731934,-1.2842921018600464,1.0
id_train_0073,7,3,0.29417693614959717,-1.2315120697021484,1.0
id_train_0074,8,4,0.2459772676229477,-1.480178952217102,1.0
id_train_0075,4,0,0.22862379252910614,-1.4182429313659668,1.0
id_train_0077,6,2,0.244114950299263,-1.1344693899154663,1.0
id_train_0079,8,4,0.33724793791770935,-1.0767661333084106,1.0284894704818726
id_train_0080,4,0,0.44004517793655396,-0.6893559694290161,1.4903367757797241
id_train_0081,5,1,0.4527933597564697,-0.9444637894630432,1.186212420463562
id_train_0082,6,2,0.2709410786628723,-1.0477664470672607,1.063061237335205
id_train_0083,7,3,0.5728094577789307,-1.1203370094299316,1.0
id_train_0085,4,0,0.2588202953338623,-1.2863916158676147,1.0
id_train_0087,6,2,0.2649041712284088,-1.184552550315857,1.0
id_train_0088,7,3,0.26152658462524414,-1.3967504501342773,1.0
id_train_0089,8,4,0.27290743589401245,-1.1440317630767822,1.0
id_train_0090,4,0,0.5150999426841736,-0.8089779615402222,1.3477306365966797
id_train_0091,5,1,0.4923630952835083,-0.9181961417198181,1.217527151107788
id_train_0092,6,2,0.3052818775177002,-1.193362832069397,1.0
id_train_0093,7,3,0.21304261684417725,-1.4311212301254272,1.0
id_train_0094,8,4,0.42514246702194214,-1.0492085218429565,1.0613420009613037
id_train_0095,4,0,0.292864054441452,-1.0623831748962402,1.0456359386444092
id_train_0096,5,1,0.5128205418586731,-0.7715572118759155,1.3923413753509521
id_train_0097,6,2,0.22284109890460968,-1.0646770000457764,1.0429013967514038
id_train_0098,7,3,0.2288220226764679,-1.2946076393127441,1.0
id_train_0099,8,4,0.24915558099746704,-1.2919690608978271,1.0
id_train_0100,4,0,0.4024440348148346,-0.9292230606079102,1.2043815851211548
id_train_0101,5,1,0.4565179944038391,-0.8838827013969421,1.2584335803985596
id_train_0102,6,2,0.3005625903606415,-0.9474808573722839,1.1826157569885254
id_train_0103,7,3,0.41308024525642395,-0.8579020500183105,1.289406180381775
id_train_0104,8,4,0.3369428217411041,-1.1904690265655518,1.0
id_train_0105,4,0,0.43762579560279846,-0.7711747884750366,1.3927972316741943
id_train_0106,5,1,0.20627647638320923,-1.4872604608535767,1.0
id_train_0107,6,2,0.3487875461578369,-1.1622563600540161,1.0
id_train_0108,7,3,0.25192147493362427,-1.4546622037887573,1.0
id_train_0109,8,4,0.2712324261665344,-1.1467715501785278,1.0
id_train_0110,4,0,0.528026282787323,-0.8214046955108643,1.3329161405563354
id_train_0111,5,1,0.3568502366542816,-0.9679988026618958,1.1581554412841797
id_train_0112,6,2,0.3039696216583252,-1.074867606163025,1.0307527780532837
id_train_0113,7,3,0.29023733735084534,-1.1437366008758545,1.0
id_train_0114,8,4,0.2809772491455078,-1.2481528520584106,1.0
id_train_0115,4,0,0.25201332569122314,-1.340391755104065,1.0
id_train_0116,5,1,0.3262110650539398,-1.185234785079956,1.0
id_train_0118,7,3,0.37264421582221985,-1.0411438941955566,1.0709562301635742
id_train_0119,8,4,0.3193213641643524,-1.2624475955963135,1.0
id_train_0121,5,1,0.30292925238609314,-1.1596022844314575,1.0
id_train_0122,6,2,0.27648231387138367,-1.0829699039459229,1.021093726158142
id_train_0123,7,3,0.2802811563014984,-1.2884430885314941,1.0
id_train_0124,8,4,0.41985487937927246,-1.0886433124542236,1.014330267906189
id_train_0125,4,0,0.2721732556819916,-1.1105035543441772,1.0
id_train_0126,5,1,0.21431204676628113,-1.3724333047866821,1.0
id_train_0127,6,2,0.282137006521225,-1.3172023296356201,1.0
id_train_0128,7,3,0.40399155020713806,-1.0994783639907837,1.001413345336914
id_train_0129,8,4,0.2738252580165863,-1.3246421813964844,1.0
id_train_0130,4,0,0.38769760727882385,-1.0081654787063599,1.1102710962295532
id_train_0131,5,1,0.3798288106918335,-0.7836002707481384,1.3779844045639038
id_train_0132,6,2,0.3256227672100067,-1.1935557126998901,1.0
id_train_0133,7,3,0.5165373682975769,-0.5662602782249451,1.6370841264724731
id_train_0134,8,4,0.2302401065826416,-1.2560230493545532,1.0
id_train_0135,4,0,0.37127408385276794,-0.7869490385055542,1.3739922046661377
id_train_0136,5,1,0.4914235472679138,-0.9188077449798584,1.2167980670928955
id_train_0137,6,2,0.24188919365406036,-1.2893260717391968,1.0
id_train_0138,7,3,0.3447625935077667,-1.0734336376190186,1.032462239265442
id_train_0139,8,4,0.3154546022415161,-1.3069179058074951,1.0
id_train_0141,5,1,0.32623490691185,-1.2334994077682495,1.0
id_train_0142,6,2,0.2948545217514038,-1.3093854188919067,1.0
id_train_0143,7,3,0.26405659317970276,-1.0862756967544556,1.0171527862548828
id_train_0144,8,4,0.30955779552459717,-1.1273019313812256,1.0
id_train_0145,4,0,0.3533329367637634,-0.8536384105682373,1.2944890260696411
id_train_0146,5,1,0.4028342664241791,-0.79449862241745,1.3649920225143433
id_train_0147,6,2,0.26796606183052063,-1.32711923122406,1.0
id_train_0148,7,3,0.21338006854057312,-1.3982243537902832,1.0
id_train_0149,8,4,0.3175317049026489,-1.3830311298370361,1.0
id_train_0151,5,1,0.24813291430473328,-1.0765429735183716,1.02875554561615
id_train_0152,6,2,0.3634657561779022,-1.0121359825134277,1.1055376529693604
id_train_0153,7,3,0.14851760864257812,-1.9018667936325073,1.0
id_train_0154,8,4,0.24307085573673248,-1.3358490467071533,1.0
id_train_0155,4,0,0.32715263962745667,-1.1200032234191895,1.0
id_train_0156,5,1,0.481083482503891,-0.8411927223205566,1.3093260526657104
id_train_0158,7,3,0.35906919836997986,-1.1122173070907593,1.0
id_train_0159,8,4,0.4095170795917511,-1.0103445053100586,1.1076734066009521
id_train_0160,4,0,0.41532808542251587,-0.8706400990486145,1.2742207050323486
id_train_0161,5,1,0.44736266136169434,-0.6597056984901428,1.525684118270874
id_train_0162,6,2,0.3291948437690735,-1.0174305438995361,1.0992258787155151
id_train_0163,7,3,0.13634945452213287,-1.382886290550232,1.0
id_train_0164,8,4,0.3355468213558197,-1.132286787033081,1.0
id_train_0165,4,0,0.4484109878540039,-0.747968316078186,1.4204626083374023
id_train_0166,5,1,0.48582354187965393,-0.5689765214920044,1.6338460445404053
id_train_0167,6,2,0.30982744693756104,-1.1257003545761108,1.0
id_train_0168,7,3,0.3891950845718384,-1.1259994506835938,1.0
id_train_0169,8,4,0.23224931955337524,-1.566266655921936,1.0
id_train_0170,4,0,0.4291440546512604,-0.8298779726028442,1.3228148221969604
id_train_0171,5,1,0.5012805461883545,-0.8046244382858276,1.3529205322265625
id_train_0172,6,2,0.18751278519630432,-1.2741732597351074,1.0
id_train_0173,7,3,0.2797841727733612,-1.2953448295593262,1.0
id_train_0174,8,4,0.21380552649497986,-1.6499327421188354,1.0
id_train_0175,4,0,0.48835769295692444,-0.815376877784729,1.340102195739746
id_train_0176,5,1,0.3804807960987091,-0.8454728722572327,1.3042235374450684
id_train_0177,6,2,0.2705962359905243,-1.1955608129501343,1.0
id_train_0178,7,3,0.2132355123758316,-1.4867244958877563,1.0
id_train_0179,8,4,0.2683103382587433,-1.3248142004013062,1.0
id_train_0180,4,0,0.45992764830589294,-0.7524235248565674,1.4151513576507568
id_train_0181,5,1,0.47255584597587585,-1.0484410524368286,1.062256932258606
id_train_0182,6,2,0.32968100905418396,-1.1619410514831543,1.0
id_train_0183,7,3,0.24514329433441162,-1.2981483936309814,1.0
id_train_0184,8,4,0.2393004298210144,-1.316190242767334,1.0
id_train_0185,4,0,0.44374552369117737,-0.8112540245056152,1.3450171947479248
id_train_0186,5,1,0.4848943054676056,-0.7453632950782776,1.4235682487487793
id_train_0188,7,3,0.36604148149490356,-1.046890377998352,1.0641056299209595
id_train_0189,8,4,0.4174318015575409,-1.0232114791870117,1.0923341512680054
id_train_0190,4,0,0.19461242854595184,-1.3646036386489868,1.0
id_train_0191,5,1,0.38865023851394653,-1.1065751314163208,1.0
id_train_0192,6,2,0.3647295832633972,-1.042144775390625,1.0697630643844604
id_train_0193,7,3,0.2969185709953308,-1.2466825246810913,1.0
id_train_0194,8,4,0.2511775493621826,-1.3185148239135742,1.0
id_train_0195,4,0,0.41521164774894714,-0.8290383815765381,1.3238158226013184
id_train_0196,5,1,0.37094175815582275,-0.9234074950218201,1.2113145589828491
id_train_0197,6,2,0.4556219279766083,-0.9946048855781555,1.1264371871948242
id_train_0198,7,3,0.2431628555059433,-1.1456739902496338,1.0
id_train_0199,8,4,0.23967143893241882,-1.106492280960083,1.0
id_train_0200,4,0,0.48675891757011414,-0.6257608532905579,1.5661511421203613
id_train_0202,6,2,0.3257584869861603,-1.3404279947280884,1.0
id_train_0203,7,3,0.33730462193489075,-1.2495664358139038,1.0
id_train_0204,8,4,0.27676308155059814,-1.4448902606964111,1.0
id_train_0205,4,0,0.4253149926662445,-0.8611997365951538,1.2854748964309692
id_train_0206,5,1,0.22808118164539337,-1.3027147054672241,1.0
id_train_0207,6,2,0.3474477529525757,-0.9574885964393616,1.170685052871704
id_train_0208,7,3,0.36852777004241943,-1.083770751953125,1.0201389789581299
id_train_0211,5,1,0.575381875038147,-0.7026504874229431,1.4744879007339478
id_train_0212,6,2,0.3030122220516205,-1.2788459062576294,1.0
id_train_0213,7,3,0.31899821758270264,-1.2348244190216064,1.0
id_train_0214,8,4,0.5170801877975464,-0.8881311416625977,1.253368854522705
id_train_0215,4,0,0.3450954556465149,-1.1282206773757935,1.0
id_train_0216,5,1,0.25963807106018066,-1.2607165575027466,1.0
id_train_0217,6,2,0.326646089553833,-1.2225704193115234,1.0
id_train_0218,7,3,0.4124254286289215,-0.9613063335418701,1.1661337614059448
id_train_0219,8,4,0.4200853705406189,-1.3619276285171509,1.0
id_train_0220,4,0,0.7619865536689758,-0.6820604801177979,1.49903404712677
id_train_0221,5,1,0.3038550019264221,-1.2171196937561035,1.0
id_train_0222,6,2,0.25989848375320435,-1.2662770748138428,1.0
id_train_0223,7,3,0.17110955715179443,-1.4148281812667847,1.0
id_train_0224,8,4,0.22226835787296295,-1.3848907947540283,1.0
id_train_0225,4,0,0.4439992606639862,-0.8462567925453186,1.3032889366149902
id_train_0226,5,1,0.2773846983909607,-1.2454103231430054,1.0
id_train_0227,6,2,0.3513234853744507,-1.1942139863967896,1.0
id_train_0228,7,3,0.246291846036911,-1.444854974746704,1.0
id_train_0229,8,4,0.2645578980445862,-1.3450175523757935,1.0
id_train_0231,5,1,0.30266374349594116,-1.2746531963348389,1.0
id_train_0232,6,2,0.3386465013027191,-1.185420274734497,1.0
id_train_0233,7,3,0.25743547081947327,-1.3596844673156738,1.0
id_train_0234,8,4,0.3719252943992615,-0.9313279986381531,1.2018721103668213
id_train_0235,4,0,0.4624777138233185,-0.7895488142967224,1.370892882347107
id_train_0236,5,1,0.3514176607131958,-1.0394105911254883,1.0730226039886475
id_train_0237,6,2,0.3815990686416626,-0.9215276837348938,1.2135555744171143
id_train_0238,7,3,0.299153596162796,-1.2525213956832886,1.0
id_train_0239,8,4,0.25479641556739807,-1.4226751327514648,1.0
id_train_0240,4,0,0.3165746331214905,-1.152038335800171,1.0
id_train_0241,5,1,0.4788888096809387,-0.9293386340141296,1.204243779182434
id_train_0242,6,2,0.336966872215271,-1.0059093236923218,1.1129608154296875
id_train_0243,7,3,0.23624557256698608,-1.1425038576126099,1.0
id_train_0244,8,4,0.1990877091884613,-1.5168044567108154,1.0
id_train_0245,4,0,0.47349846363067627,-0.8400700092315674,1.3106645345687866
id_train_0246,5,1,0.5427902936935425,-0.6541984677314758,1.5322494506835938
id_train_0248,7,3,0.24606144428253174,-1.174464225769043,1.0
id_train_0249,8,4,0.2908506989479065,-1.3200697898864746,1.0
id_train_0250,4,0,0.412096232175827,-0.8572052121162415,1.2902369499206543
id_train_0251,5,1,0.2822970747947693,-1.2659457921981812,1.0
id_train_0252,6,2,0.24080510437488556,-1.641809105873108,1.0
id_train_0253,7,3,0.3156263530254364,-1.1555744409561157,1.0
id_train_0254,8,4,0.26558876037597656,-1.4670742750167847,1.0
id_train_0255,4,0,0.5516905188560486,-0.5523167252540588,1.6537067890167236
id_train_0257,6,2,0.2678419053554535,-1.02302086353302,1.0925613641738892
id_train_0258,7,3,0.16384129226207733,-1.4952270984649658,1.0
id_train_0259,8,4,0.4619934856891632,-0.6063629388809204,1.5892760753631592
id_train_0260,4,0,0.4590018093585968,-0.8607581257820129,1.2860013246536255
id_train_0261,5,1,0.4869537055492401,-0.8373345732688904,1.3139255046844482
id_train_0262,6,2,0.39396339654922485,-1.1446454524993896,1.0
id_train_0264,8,4,0.27780354022979736,-1.4585202932357788,1.0
id_train_0265,4,0,0.33676981925964355,-1.0688146352767944,1.0379687547683716
id_train_0266,5,1,0.3705825209617615,-0.8635010123252869,1.282731533050537
id_train_0267,6,2,0.31343960762023926,-1.3240697383880615,1.0
id_train_0268,7,3,0.15350064635276794,-1.5233063697814941,1.0
id_train_0270,4,0,0.3608173131942749,-1.0628864765167236,1.0450359582901
id_train_0271,5,1,0.279498815536499,-1.0425758361816406,1.069249153137207
id_train_0272,6,2,0.31279221177101135,-1.0867165327072144,1.0166271924972534
id_train_0273,7,3,0.35117974877357483,-1.1537607908248901,1.0
id_train_0274,8,4,0.21025119721889496,-1.5538808107376099,1.0
id_train_0275,4,0,0.5627471804618835,-0.571710467338562,1.6305867433547974
id_train_0276,5,1,0.5368019938468933,-0.6500778794288635,1.5371618270874023
id_train_0277,6,2,0.2270238846540451,-1.6214375495910645,1.0
id_train_0278,7,3,0.23660677671432495,-1.3519617319107056,1.0
id_train_0279,8,4,0.19871191680431366,-1.2150347232818604,1.0
id_train_0280,4,0,0.44473931193351746,-0.7831783890724182,1.3784873485565186
id_train_0281,5,1,0.27343904972076416,-1.250301718711853,1.0
id_train_0283,7,3,0.15613986551761627,-1.6804050207138062,1.0
id_train_0284,8,4,0.25928837060928345,-1.0591353178024292,1.0495078563690186
id_train_0285,4,0,0.4815739095211029,-0.7821149230003357,1.3797551393508911
id_train_0286,5,1,0.3120153844356537,-1.1288970708847046,1.0
id_train_0287,6,2,0.3136513829231262,-1.1427505016326904,1.0
id_train_0288,7,3,0.15609487891197205,-1.4036920070648193,1.0
id_train_0289,8,4,0.3395489454269409,-1.3021169900894165,1.0
id_train_0290,4,0,0.23624542355537415,-1.2289199829101562,1.0
id_train_0291,5,1,0.5068234801292419,-0.8060335516929626,1.3512407541275024
id_train_0292,6,2,0.3050540089607239,-1.2140724658966064,1.0
id_train_0293,7,3,0.18817733228206635,-1.2672325372695923,1.0
id_train_0294,8,4,0.26670822501182556,-1.3456790447235107,1.0
id_train_0295,4,0,0.4083293676376343,-1.0143544673919678,1.1028929948806763
id_train_0296,5,1,0.5038305521011353,-0.7849995493888855,1.3763161897659302
id_train_0297,6,2,0.46026885509490967,-1.0003974437713623,1.1195316314697266
id_train_0298,7,3,0.2284315526485443,-1.3734582662582397,1.0
id_train_0299,8,4,0.30059248208999634,-1.347328543663025,1.0
id_train_0300,4,0,0.22813282907009125,-1.3899469375610352,1.0
id_train_0302,6,2,0.3260437250137329,-1.034528374671936,1.0788428783416748
id_train_0303,7,3,0.2640153467655182,-1.2530678510665894,1.0
id_train_0304,8,4,0.2864321768283844,-1.0890228748321533,1.0138777494430542
id_train_0305,4,0,0.4464111626148224,-0.8386104106903076,1.3124045133590698
id_train_0306,5,1,0.33390289545059204,-1.0961942672729492,1.0053284168243408
id_train_0307,6,2,0.25380605459213257,-1.19246244430542,1.0
id_train_0308,7,3,0.26124829053878784,-1.286357045173645,1.0
id_train_0309,8,4,0.28752219676971436,-1.384596824645996,1.0
id_train_0310,4,0,0.4473279118537903,-0.7809280753135681,1.3811700344085693
id_train_0311,5,1,0.48411083221435547,-0.9261392951011658,1.2080578804016113
id_train_0312,6,2,0.39717569947242737,-1.4687310457229614,1.0
id_train_0313,7,3,0.23621657490730286,-1.2718018293380737,1.0
id_train_0314,8,4,0.22316856682300568,-1.4730687141418457,1.0
id_train_0315,4,0,0.4781202971935272,-0.6538425087928772,1.5326738357543945
id_train_0317,6,2,0.36632266640663147,-1.1667855978012085,1.0
id_train_0318,7,3,0.3478725552558899,-1.1840500831604004,1.0
id_train_0319,8,4,0.24444684386253357,-1.3538857698440552,1.0
id_train_0320,4,0,0.32228854298591614,-1.1256318092346191,1.0
id_train_0321,5,1,0.5162732005119324,-0.8026912808418274,1.3552252054214478
id_train_0322,6,2,0.28899526596069336,-1.055833339691162,1.053444266319275
id_train_0323,7,3,0.32801705598831177,-1.0033776760101318,1.1159788370132446
id_train_0324,8,4,0.30176544189453125,-1.4159400463104248,1.0
id_train_0325,4,0,0.4113822281360626,-0.7701610922813416,1.3940057754516602
id_train_0328,7,3,0.23864653706550598,-1.47463059425354,1.0
id_train_0329,8,4,0.31767264008522034,-1.1734219789505005,1.0
id_train_0330,4,0,0.4922088086605072,-0.6603940725326538,1.5248634815216064
id_train_0331,5,1,0.6211522221565247,-0.8061070442199707,1.3511531352996826
id_train_0332,6,2,0.368306040763855,-1.303120732307434,1.0
id_train_0333,7,3,0.3061969578266144,-1.3409091234207153,1.0
id_train_0334,8,4,0.22932487726211548,-1.481762409210205,1.0
id_train_0335,4,0,0.46896645426750183,-0.6101357340812683,1.5847784280776978
id_train_0336,5,1,0.3235214054584503,-1.197636604309082,1.0
id_train_0337,6,2,0.37326693534851074,-1.0999499559402466,1.0008511543273926
id_train_0338,7,3,0.2349386364221573,-1.6291816234588623,1.0
id_train_0339,8,4,0.3277270793914795,-1.1975364685058594,1.0
id_train_0340,4,0,0.5227982401847839,-0.6711850762367249,1.5119991302490234
id_train_0342,6,2,0.27963539958000183,-1.2167891263961792,1.0
id_train_0343,7,3,0.1893588751554489,-1.6382508277893066,1.0
id_train_0344,8,4,0.23221547901630402,-1.4060338735580444,1.0
id_train_0346,5,1,0.23892539739608765,-1.3328335285186768,1.0
id_train_0347,6,2,0.407926082611084,-1.3277432918548584,1.0
id_train_0348,7,3,0.2836175262928009,-1.2968250513076782,1.0
id_train_0350,4,0,0.4108666181564331,-0.9287996292114258,1.2048863172531128
id_train_0351,5,1,0.5148658156394958,-0.787425696849823,1.3734239339828491
id_train_0352,6,2,0.33976131677627563,-1.0467902421951294,1.0642249584197998
id_train_0353,7,3,0.18874426186084747,-1.3079546689987183,1.0
id_train_0354,8,4,0.2348058819770813,-1.360943078994751,1.0
id_train_0355,4,0,0.3452107012271881,-0.7300484776496887,1.4418256282806396
id_train_0356,5,1,0.568004310131073,-1.0626070499420166,1.0453691482543945
id_train_0357,6,2,0.3791695237159729,-1.2383930683135986,1.0
id_train_0358,7,3,0.4365973472595215,-1.284472942352295,1.0
id_train_0359,8,4,0.20554055273532867,-1.1427488327026367,1.0
id_train_0360,4,0,0.4524920880794525,-0.7300630807876587,1.4418082237243652
id_train_0361,5,1,0.45217642188072205,-0.9544541239738464,1.174302577972412
id_train_0362,6,2,0.36247456073760986,-1.0108451843261719,1.1070765256881714
id_train_0363,7,3,0.2959829270839691,-1.3069409132003784,1.0
id_train_0364,8,4,0.5529928207397461,-0.62614506483078,1.5656931400299072
id_train_0365,4,0,0.2464546263217926,-1.3927967548370361,1.0
id_train_0366,5,1,0.47285196185112,-0.830987811088562,1.3214917182922363
id_train_0367,6,2,0.298322856426239,-1.2364227771759033,1.0
id_train_0369,8,4,0.26696863770484924,-1.3228163719177246,1.0
id_train_0370,4,0,0.31808480620384216,-1.037490725517273,1.075311303138733
id_train_0371,5,1,0.37401261925697327,-0.9622202515602112,1.1650443077087402
id_train_0372,6,2,0.33069199323654175,-1.2730895280838013,1.0
id_train_0373,7,3,0.2880248427391052,-1.2862857580184937,1.0
id_train_0374,8,4,0.20296698808670044,-1.5039702653884888,1.0
id_train_0376,5,1,0.4858655631542206,-0.8675048351287842,1.2779583930969238
id_train_0377,6,2,0.33513039350509644,-0.9966623187065125,1.123984456062317
id_train_0378,7,3,0.15937048196792603,-1.3359400033950806,1.0
id_train_0379,8,4,0.2992819547653198,-1.2962634563446045,1.0
id_train_0380,4,0,0.34683334827423096,-1.099029779434204,1.0019481182098389
id_train_0382,6,2,0.2665950357913971,-1.0995897054672241,1.0012805461883545
id_train_0383,7,3,0.3113795220851898,-1.3989243507385254,1.0
id_train_0384,8,4,0.49201440811157227,-1.136655330657959,1.0
id_train_0385,4,0,0.2750115990638733,-0.9122382402420044,1.2246298789978027
id_train_0386,5,1,0.48734232783317566,-0.7867220640182495,1.374262809753418
id_train_0387,6,2,0.30748292803764343,-1.0829083919525146,1.0211670398712158
id_train_0388,7,3,0.2333073616027832,-1.5321979522705078,1.0
id_train_0389,8,4,0.31998196244239807,-1.0957399606704712,1.00586998462677
id_train_0390,4,0,0.5440971851348877,-0.7916285395622253,1.3684135675430298
id_train_0391,5,1,0.40066975355148315,-0.8966534733772278,1.2432091236114502
id_train_0392,6,2,0.17135362327098846,-1.5595088005065918,1.0
id_train_0393,7,3,0.27412137389183044,-1.123170018196106,1.0
id_train_0394,8,4,0.3703984022140503,-1.2256090641021729,1.0
id_train_0395,4,0,0.30100148916244507,-1.0320981740951538,1.0817400217056274
id_train_0396,5,1,0.38107961416244507,-1.0766135454177856,1.028671383857727
id_train_0398,7,3,0.27080872654914856,-1.339185357093811,1.0
id_train_0399,8,4,0.2887223958969116,-1.4436739683151245,1.0
id_train_pbf01_0000,5,1,0.47311636805534363,-0.884929358959198,1.257185935974121
id_train_pbf01_0001,5,1,0.4697306454181671,-0.785728931427002,1.3754466772079468
id_train_pbf01_0002,5,1,0.5686516761779785,-0.684374213218689,1.496275782585144
id_train_pbf01_0003,6,2,0.3180348873138428,-1.2890187501907349,1.0
id_train_pbf01_0004,6,2,0.27703219652175903,-1.1452356576919556,1.0
id_train_pbf01_0005,6,2,0.2321971207857132,-1.4232937097549438,1.0
id_train_pbf01_0007,6,2,0.3426322937011719,-1.2883466482162476,1.0
id_train_pbf01_0008,6,2,0.40110164880752563,-0.9676792025566101,1.158536434173584
id_train_pbf01_0009,4,0,0.5295441746711731,-0.6931979656219482,1.4857566356658936
id_train_pbf01_0011,4,0,0.47236886620521545,-0.5349628925323486,1.6743950843811035
id_train_pbf01_0012,5,1,0.3053765296936035,-1.196791172027588,1.0
id_train_pbf01_0013,5,1,0.3247669041156769,-1.2549526691436768,1.0
id_train_pbf01_0014,5,1,0.449867844581604,-0.8249269127845764,1.3287172317504883
id_train_pbf01_0015,4,0,0.3874121904373169,-0.9081270098686218,1.2295310497283936
id_train_pbf01_0016,4,0,0.3977089524269104,-1.097765564918518,1.0034552812576294
id_train_pbf01_0017,4,0,0.35141193866729736,-1.0595123767852783,1.049058437347412
id_train_pbf01_0018,6,2,0.32896357774734497,-1.0845052003860474,1.0192633867263794
id_train_pbf01_0019,6,2,0.3619661331176758,-1.2587822675704956,1.0
id_train_pbf01_0020,6,2,0.4328213334083557,-1.0092411041259766,1.1089887619018555
id_train_pbf01_0021,4,0,0.3923957049846649,-1.164238691329956,1.0
id_train_pbf01_0022,4,0,0.46891918778419495,-0.8846029043197632,1.2575750350952148
id_train_pbf01_0023,4,0,0.30077603459358215,-0.9543017745018005,1.1744842529296875
id_train_pbf01_0024,6,2,0.413433313369751,-1.230792760848999,1.0
id_train_pbf01_0025,6,2,0.21770231425762177,-1.3353102207183838,1.0
id_train_pbf01_0026,6,2,0.31584346294403076,-1.1991736888885498,1.0
id_train_pbf01_0027,6,2,0.32087475061416626,-1.0879474878311157,1.0151597261428833
id_train_pbf01_0028,6,2,0.2505747377872467,-1.2205265760421753,1.0
id_train_pbf01_0029,6,2,0.3758943974971771,-1.0706349611282349,1.0357986688613892
id_train_pbf01_0030,8,4,0.385226845741272,-0.9782630205154419,1.1459190845489502
id_train_pbf01_0031,8,4,0.2533334195613861,-1.274923324584961,1.0
id_train_pbf01_0032,8,4,0.21274322271347046,-1.549630880355835,1.0
id_train_pbf01_0033,4,0,0.31721577048301697,-1.2134804725646973,1.0
id_train_pbf01_0034,4,0,0.39285844564437866,-0.8364279866218567,1.3150062561035156
id_train_pbf01_0035,4,0,0.49368059635162354,-0.6544607877731323,1.531936764717102
id_train_pbf01_0036,5,1,0.43343406915664673,-0.9335368275642395,1.199238896369934
id_train_pbf01_0037,5,1,0.42461714148521423,-0.8636399507522583,1.2825658321380615
id_train_pbf01_0038,5,1,0.2642781436443329,-1.1249226331710815,1.0
id_train_pbf01_0040,8,4,0.27919888496398926,-1.0757392644882202,1.0297136306762695
id_train_pbf01_0041,8,4,0.5097222924232483,-0.718254029750824,1.4558862447738647
id_train_pbf02_0009,4,0,0.4673187732696533,-0.9655897617340088,1.1610273122787476
id_train_pbf02_0010,4,0,0.2552211582660675,-1.0770835876464844,1.0281111001968384
id_train_pbf02_0011,4,0,0.3555416762828827,-0.8111470937728882,1.3451447486877441
id_train_pbf02_0013,5,1,0.3736799359321594,-1.055957555770874,1.0532962083816528
id_train_pbf02_0014,5,1,0.5088769793510437,-0.64438796043396,1.5439449548721313
id_train_pbf02_0015,4,0,0.483910471200943,-0.7050933241844177,1.4715757369995117
id_train_pbf02_0016,4,0,0.324776291847229,-1.2024906873703003,1.0
id_train_pbf02_0017,4,0,0.3338346481323242,-1.0474144220352173,1.0634808540344238
id_train_pbf02_0018,6,2,0.3427502512931824,-0.989959716796875,1.1319749355316162
id_train_pbf02_0019,6,2,0.4718957841396332,-1.100432276725769,1.0002760887145996
id_train_pbf02_0020,6,2,0.3620654344558716,-0.9923011660575867,1.1291835308074951
id_train_pbf02_0021,4,0,0.3423287868499756,-0.867062509059906,1.278485655784607
id_train_pbf02_0022,4,0,0.42637524008750916,-0.9084071516990662,1.2291970252990723
id_train_pbf02_0023,4,0,0.4519682824611664,-0.8425367474555969,1.3077237606048584
id_train_pbf02_0024,6,2,0.3651425540447235,-1.2356069087982178,1.0
id_train_pbf02_0026,6,2,0.3768169581890106,-0.9945142269134521,1.1265453100204468
id_train_pbf02_0027,6,2,0.38276246190071106,-1.2947053909301758,1.0
id_train_pbf02_0028,6,2,0.2360915094614029,-1.2111612558364868,1.0
id_train_pbf02_0029,6,2,0.4217197597026825,-0.9927291870117188,1.1286733150482178
id_train_pbf02_0033,4,0,0.5504040718078613,-0.9284304976463318,1.2053264379501343
id_train_pbf02_0034,4,0,0.2958810329437256,-1.170420527458191,1.0
id_train_pbf02_0035,4,0,0.6805996298789978,-0.5938809514045715,1.604156494140625
id_train_pbf02_0039,8,4,0.39930009841918945,-0.9026497602462769,1.236060619354248
id_train_pbf02_0040,8,4,0.3062213957309723,-1.3899970054626465,1.0
id_train_pbf02_0041,8,4,0.1984700858592987,-1.6214991807937622,1.0
id_train_pbf02_0043,8,4,0.28579258918762207,-1.1794573068618774,1.0
id_train_pbf02_0044,8,4,0.27604296803474426,-1.4740195274353027,1.0
id_train_pbf02_0045,5,1,0.20802196860313416,-1.4150526523590088,1.0
id_train_pbf02_0046,5,1,0.31448665261268616,-1.1406832933425903,1.0
id_train_pbf02_0047,5,1,0.300398588180542,-1.2289103269577026,1.0
id_train_pbf02_0057,5,1,0.4112071692943573,-0.7076113224029541,1.468573808670044
id_train_pbf02_0059,5,1,0.24469591677188873,-1.226060152053833,1.0
id_train_pbf02_0060,4,0,0.4673791825771332,-0.8788079619407654,1.2644834518432617
id_train_pbf02_0061,4,0,0.27648091316223145,-1.263200044631958,1.0
id_train_pbf02_0063,7,3,0.17186950147151947,-1.4570822715759277,1.0
id_train_pbf02_0064,7,3,0.20040936768054962,-1.4302476644515991,1.0
id_train_pbf02_0066,6,2,0.3054858148097992,-1.3207623958587646,1.0
id_train_pbf02_0067,6,2,0.28817451000213623,-1.2517998218536377,1.0
id_train_pbf02_0068,6,2,0.42903968691825867,-1.079945683479309,1.0246989727020264
id_train_pbf02_0073,4,0,0.3188408613204956,-0.9409319162368774,1.1904230117797852
id_train_pbf02_0074,4,0,0.5194436311721802,-0.7371492981910706,1.4333604574203491
id_train_pbf02_0084,4,0,0.40122169256210327,-1.000254511833191,1.1197021007537842
id_train_pbf02_0085,4,0,0.5518462657928467,-0.612349808216095,1.582139015197754
